36,<p>aa</p>,2023-07-09,0,a,0,13,1
37,<p>aa</p>,2023-07-09,0,a,0,14,2
38,<p>aa</p>,2023-07-09,0,a,0,15,3
39,<p>aa</p>,2023-07-09,0,a,0,16,4
35,<p>aa</p>,2023-07-09,0,a,0,17,5
41,<p>aa</p>,2023-07-09,0,a,0,18,6
42,<p>aa</p>,2023-07-09,0,a,0,19,7
43,<p>aa</p>,2023-07-09,0,a,0,20,8
44,<p>aa</p>,2023-07-09,0,a,0,21,9
45,<p>aa</p>,2023-07-09,0,a,0,13,1
46,<p>aa</p>,2023-07-09,0,a,0,14,2
47,<p>aa</p>,2023-07-09,0,a,0,15,3
48,<p>aa</p>,2023-07-09,0,a,0,16,4
49,<p>aa</p>,2023-07-09,0,a,0,17,5
50,<p>aa</p>,2023-07-09,0,a,0,18,6
51,<p>aa</p>,2023-07-09,0,a,0,19,7
52,<p>aa</p>,2023-07-09,0,a,0,20,8
53,<p>aa</p>,2023-07-09,0,a,0,21,9
54,<p>aa</p>,2023-07-09,0,a,0,13,1
55,<p>aa</p>,2023-07-09,0,a,0,14,2
56,<p>aa</p>,2023-07-09,0,a,0,15,3
57,<p>aa</p>,2023-07-09,0,a,0,16,4
58,<p>aa</p>,2023-07-09,0,a,0,17,5
59,<p>aa</p>,2023-07-09,0,a,0,18,6
60,<p>aa</p>,2023-07-09,0,a,0,19,7
61,<p>aa</p>,2023-07-09,0,a,0,20,8
62,<p>aa</p>,2023-07-09,0,a,0,21,9
63,<p>aa</p>,2023-07-09,0,a,0,13,1
64,<p>aa</p>,2023-07-09,0,a,0,14,2
65,<p>aa</p>,2023-07-09,0,a,0,15,3
66,<p>aa</p>,2023-07-09,0,a,0,16,4
67,<p>aa</p>,2023-07-09,0,a,0,17,5
68,<p>aa</p>,2023-07-09,0,a,0,18,6
69,<p>aa</p>,2023-07-09,0,a,0,19,7
70,<p>aa</p>,2023-07-09,0,a,0,20,8
71,<p>aa</p>,2023-07-09,0,a,0,21,9
72,<p>aa</p>,2023-07-09,0,a,0,13,1
73,<p>aa</p>,2023-07-09,0,a,0,14,2
74,<p>aa</p>,2023-07-09,0,a,0,15,3
75,<p>aa</p>,2023-07-09,0,a,0,16,4
76,<p>aa</p>,2023-07-09,0,a,0,17,5
77,<p>aa</p>,2023-07-09,0,a,0,18,6
78,<p>aa</p>,2023-07-09,0,a,0,19,7
79,<p>aa</p>,2023-07-09,0,a,0,20,8
80,<p>aa</p>,2023-07-09,0,a,0,21,9
81,<p>aa</p>,2023-07-09,0,a,0,13,1
82,<p>aa</p>,2023-07-09,0,a,0,14,2
83,<p>aa</p>,2023-07-09,0,a,0,15,3
84,<p>aa</p>,2023-07-09,0,a,0,16,4
85,<p>aa</p>,2023-07-09,0,a,0,17,5
86,<p>aa</p>,2023-07-09,0,a,0,18,6
87,<p>aa</p>,2023-07-09,0,a,0,19,7
88,<p>aa</p>,2023-07-09,0,a,0,20,8
89,<p>aa</p>,2023-07-09,0,a,0,21,9
90,<p>aa</p>,2023-07-09,0,a,0,13,1
91,<p>aa</p>,2023-07-09,0,a,0,14,2
92,<p>aa</p>,2023-07-09,0,a,0,15,3
93,<p>aa</p>,2023-07-09,0,a,0,16,4
94,<p>aa</p>,2023-07-09,0,a,0,17,5
95,<p>aa</p>,2023-07-09,0,a,0,18,6
96,<p>aa</p>,2023-07-09,0,a,0,19,7
97,<p>aa</p>,2023-07-09,0,a,0,20,8
98,<p>aa</p>,2023-07-09,0,a,0,21,9
99,<p>aa</p>,2023-07-09,0,a,0,13,1
100,<p>aa</p>,2023-07-09,0,a,0,14,2
101,<p>aa</p>,2023-07-09,0,a,0,15,3
102,<p>aa</p>,2023-07-09,0,a,0,16,4
103,<p>aa</p>,2023-07-09,0,a,0,17,5
104,<p>aa</p>,2023-07-09,0,a,0,18,6
105,<p>aa</p>,2023-07-09,0,a,0,19,7
106,<p>aa</p>,2023-07-09,0,a,0,20,8
107,<p>aa</p>,2023-07-09,0,a,0,21,9
108,<p>aa</p>,2023-07-09,0,a,0,13,1
109,<p>aa</p>,2023-07-09,0,a,0,14,2
110,<p>aa</p>,2023-07-09,0,a,0,15,3
111,<p>aa</p>,2023-07-09,0,a,0,16,4
112,<p>aa</p>,2023-07-09,0,a,0,17,5
113,<p>aa</p>,2023-07-09,0,a,0,18,6
114,<p>aa</p>,2023-07-09,0,a,0,19,7
115,<p>aa</p>,2023-07-09,0,a,0,20,8
116,<p>aa</p>,2023-07-09,0,a,0,21,9
117,<p>aa</p>,2023-07-09,0,a,0,13,1
118,<p>aa</p>,2023-07-09,0,a,0,14,2
119,<p>aa</p>,2023-07-09,0,a,0,15,3
120,<p>aa</p>,2023-07-09,0,a,0,16,4
121,<p>aa</p>,2023-07-09,0,a,0,17,5
122,<p>aa</p>,2023-07-09,0,a,0,18,6
123,<p>aa</p>,2023-07-09,0,a,0,19,7
124,<p>aa</p>,2023-07-09,0,a,0,20,8
125,<p>aa</p>,2023-07-09,0,a,0,21,9
126,<p>aa</p>,2023-07-09,0,a,0,13,1
127,<p>aa</p>,2023-07-09,0,a,0,14,2
128,<p>aa</p>,2023-07-09,0,a,0,15,3
129,<p>aa</p>,2023-07-09,0,a,0,16,4
130,<p>aa</p>,2023-07-09,0,a,0,17,5
131,<p>aa</p>,2023-07-09,0,a,0,18,6
132,<p>aa</p>,2023-07-09,0,a,0,19,7
133,<p>aa</p>,2023-07-09,0,a,0,20,8
134,<p>aa</p>,2023-07-09,0,a,0,21,9
135,<p>aa</p>,2023-07-09,0,a,0,13,1
136,<p>aa</p>,2023-07-09,0,a,0,14,2
137,<p>aa</p>,2023-07-09,0,a,0,15,3
138,<p>aa</p>,2023-07-09,0,a,0,16,4
139,<p>aa</p>,2023-07-09,0,a,0,17,5
140,<p>aa</p>,2023-07-09,0,a,0,18,6
141,<p>aa</p>,2023-07-09,0,a,0,19,7
142,<p>aa</p>,2023-07-09,0,a,0,20,8
143,<p>aa</p>,2023-07-09,0,a,0,21,9
144,<p>aa</p>,2023-07-09,0,a,0,13,1
145,<p>aa</p>,2023-07-09,0,a,0,14,2
146,<p>aa</p>,2023-07-09,0,a,0,15,3
147,<p>aa</p>,2023-07-09,0,a,0,16,4
148,<p>aa</p>,2023-07-09,0,a,0,17,5
149,<p>aa</p>,2023-07-09,0,a,0,18,6
150,<p>aa</p>,2023-07-09,0,a,0,19,7
151,<p>aa</p>,2023-07-09,0,a,0,20,8
152,<p>aa</p>,2023-07-09,0,a,0,21,9
153,<p>aa</p>,2023-07-09,0,a,0,13,1
154,<p>aa</p>,2023-07-09,0,a,0,14,2
155,<p>aa</p>,2023-07-09,0,a,0,15,3
156,<p>aa</p>,2023-07-09,0,a,0,16,4
157,<p>aa</p>,2023-07-09,0,a,0,17,5
158,<p>aa</p>,2023-07-09,0,a,0,18,6
159,<p>aa</p>,2023-07-09,0,a,0,19,7
160,<p>aa</p>,2023-07-09,0,a,0,20,8
161,<p>aa</p>,2023-07-09,0,a,0,21,9
162,<p>aa</p>,2023-07-09,0,a,0,13,1
163,<p>aa</p>,2023-07-09,0,a,0,14,2
164,<p>aa</p>,2023-07-09,0,a,0,15,3
165,<p>aa</p>,2023-07-09,0,a,0,16,4
166,<p>aa</p>,2023-07-09,0,a,0,17,5
167,<p>aa</p>,2023-07-09,0,a,0,18,6
168,<p>aa</p>,2023-07-09,0,a,0,19,7
169,<p>aa</p>,2023-07-09,0,a,0,20,8
170,<p>aa</p>,2023-07-09,0,a,0,21,9
171,<p>aa</p>,2023-07-09,0,a,0,13,1
172,<p>aa</p>,2023-07-09,0,a,0,14,2
173,<p>aa</p>,2023-07-09,0,a,0,15,3
174,<p>aa</p>,2023-07-09,0,a,0,16,4
175,<p>aa</p>,2023-07-09,0,a,0,17,5
176,<p>aa</p>,2023-07-09,0,a,0,18,6
177,<p>aa</p>,2023-07-09,0,a,0,19,7
178,<p>aa</p>,2023-07-09,0,a,0,20,8
179,<p>aa</p>,2023-07-09,0,a,0,21,9
180,<p>aa</p>,2023-07-09,0,a,0,13,1
181,<p>aa</p>,2023-07-09,0,a,0,14,2
182,<p>aa</p>,2023-07-09,0,a,0,15,3
183,<p>aa</p>,2023-07-09,0,a,0,16,4
184,<p>aa</p>,2023-07-09,0,a,0,17,5
185,<p>aa</p>,2023-07-09,0,a,0,18,6
186,<p>aa</p>,2023-07-09,0,a,0,19,7
187,<p>aa</p>,2023-07-09,0,a,0,20,8
188,<p>aa</p>,2023-07-09,0,a,0,21,9
189,<p>aa</p>,2023-07-09,0,a,0,13,1
190,<p>aa</p>,2023-07-09,0,a,0,14,2
191,<p>aa</p>,2023-07-09,0,a,0,15,3
192,<p>aa</p>,2023-07-09,0,a,0,16,4
193,<p>aa</p>,2023-07-09,0,a,0,17,5
194,<p>aa</p>,2023-07-09,0,a,0,18,6
195,<p>aa</p>,2023-07-09,0,a,0,19,7
196,<p>aa</p>,2023-07-09,0,a,0,20,8
197,<p>aa</p>,2023-07-09,0,a,0,21,9
198,<p>aa</p>,2023-07-09,0,a,0,13,1
199,<p>aa</p>,2023-07-09,0,a,0,14,2
200,<p>aa</p>,2023-07-09,0,a,0,15,3
201,<p>aa</p>,2023-07-09,0,a,0,16,4
202,<p>aa</p>,2023-07-09,0,a,0,17,5
203,<p>aa</p>,2023-07-09,0,a,0,18,6
204,<p>aa</p>,2023-07-09,0,a,0,19,7
205,<p>aa</p>,2023-07-09,0,a,0,20,8
206,<p>aa</p>,2023-07-09,0,a,0,21,9
207,<p>aa</p>,2023-07-09,0,a,0,13,1
208,<p>aa</p>,2023-07-09,0,a,0,14,2
209,<p>aa</p>,2023-07-09,0,a,0,15,3
210,<p>aa</p>,2023-07-09,0,a,0,16,4
211,<p>aa</p>,2023-07-09,0,a,0,17,5
212,<p>aa</p>,2023-07-09,0,a,0,18,6
213,<p>aa</p>,2023-07-09,0,a,0,19,7
214,<p>aa</p>,2023-07-09,0,a,0,20,8
215,<p>aa</p>,2023-07-09,0,a,0,21,9
216,<p>aa</p>,2023-07-09,0,a,0,13,1
217,<p>aa</p>,2023-07-09,0,a,0,14,2
218,<p>aa</p>,2023-07-09,0,a,0,15,3
219,<p>aa</p>,2023-07-09,0,a,0,16,4
220,<p>aa</p>,2023-07-09,0,a,0,17,5
221,<p>aa</p>,2023-07-09,0,a,0,18,6
222,<p>aa</p>,2023-07-09,0,a,0,19,7
223,<p>aa</p>,2023-07-09,0,a,0,20,8
224,<p>aa</p>,2023-07-09,0,a,0,21,9
225,<p>aa</p>,2023-07-09,0,a,0,13,1
226,<p>aa</p>,2023-07-09,0,a,0,14,2
227,<p>aa</p>,2023-07-09,0,a,0,15,3
228,<p>aa</p>,2023-07-09,0,a,0,16,4
229,<p>aa</p>,2023-07-09,0,a,0,17,5
230,<p>aa</p>,2023-07-09,0,a,0,18,6
231,<p>aa</p>,2023-07-09,0,a,0,19,7
232,<p>aa</p>,2023-07-09,0,a,0,20,8
233,<p>aa</p>,2023-07-09,0,a,0,21,9
234,<p>aa</p>,2023-07-09,0,a,0,13,1
235,<p>aa</p>,2023-07-09,0,a,0,14,2
236,<p>aa</p>,2023-07-09,0,a,0,15,3
237,<p>aa</p>,2023-07-09,0,a,0,16,4
238,<p>aa</p>,2023-07-09,0,a,0,17,5
239,<p>aa</p>,2023-07-09,0,a,0,18,6
240,<p>aa</p>,2023-07-09,0,a,0,19,7
241,<p>aa</p>,2023-07-09,0,a,0,20,8
242,<p>aa</p>,2023-07-09,0,a,0,21,9
243,<p>aa</p>,2023-07-09,0,a,0,13,1
244,<p>aa</p>,2023-07-09,0,a,0,14,2
245,<p>aa</p>,2023-07-09,0,a,0,15,3
246,<p>aa</p>,2023-07-09,0,a,0,16,4
247,<p>aa</p>,2023-07-09,0,a,0,17,5
248,<p>aa</p>,2023-07-09,0,a,0,18,6
249,<p>aa</p>,2023-07-09,0,a,0,19,7
250,<p>aa</p>,2023-07-09,0,a,0,20,8
251,<p>aa</p>,2023-07-09,0,a,0,21,9
252,<p>aa</p>,2023-07-09,0,a,0,13,1
253,<p>aa</p>,2023-07-09,0,a,0,14,2
254,<p>aa</p>,2023-07-09,0,a,0,15,3
255,<p>aa</p>,2023-07-09,0,a,0,16,4
256,<p>aa</p>,2023-07-09,0,a,0,17,5
257,<p>aa</p>,2023-07-09,0,a,0,18,6
258,<p>aa</p>,2023-07-09,0,a,0,19,7
259,<p>aa</p>,2023-07-09,0,a,0,20,8
260,<p>aa</p>,2023-07-09,0,a,0,21,9
261,<p>aa</p>,2023-07-09,0,a,0,13,1
262,<p>aa</p>,2023-07-09,0,a,0,14,2
263,<p>aa</p>,2023-07-09,0,a,0,15,3
264,<p>aa</p>,2023-07-09,0,a,0,16,4
265,<p>aa</p>,2023-07-09,0,a,0,17,5
266,<p>aa</p>,2023-07-09,0,a,0,18,6
267,<p>aa</p>,2023-07-09,0,a,0,19,7
268,<p>aa</p>,2023-07-09,0,a,0,20,8
269,<p>aa</p>,2023-07-09,0,a,0,21,9
270,<p>aa</p>,2023-07-09,0,a,0,13,1
271,<p>aa</p>,2023-07-09,0,a,0,14,2
272,<p>aa</p>,2023-07-09,0,a,0,15,3
273,<p>aa</p>,2023-07-09,0,a,0,16,4
274,<p>aa</p>,2023-07-09,0,a,0,17,5
275,<p>aa</p>,2023-07-09,0,a,0,18,6
276,<p>aa</p>,2023-07-09,0,a,0,19,7
277,<p>aa</p>,2023-07-09,0,a,0,20,8
278,<p>aa</p>,2023-07-09,0,a,0,21,9
279,<p>aa</p>,2023-07-09,0,a,0,13,1
280,<p>aa</p>,2023-07-09,0,a,0,14,2
281,<p>aa</p>,2023-07-09,0,a,0,15,3
282,<p>aa</p>,2023-07-09,0,a,0,16,4
283,<p>aa</p>,2023-07-09,0,a,0,17,5
284,<p>aa</p>,2023-07-09,0,a,0,18,6
285,<p>aa</p>,2023-07-09,0,a,0,19,7
286,<p>aa</p>,2023-07-09,0,a,0,20,8
287,<p>aa</p>,2023-07-09,0,a,0,21,9
288,<p>aa</p>,2023-07-09,0,a,0,13,1
289,<p>aa</p>,2023-07-09,0,a,0,14,2
290,<p>aa</p>,2023-07-09,0,a,0,15,3
291,<p>aa</p>,2023-07-09,0,a,0,16,4
292,<p>aa</p>,2023-07-09,0,a,0,17,5
293,<p>aa</p>,2023-07-09,0,a,0,18,6
294,<p>aa</p>,2023-07-09,0,a,0,19,7
295,<p>aa</p>,2023-07-09,0,a,0,20,8
296,<p>aa</p>,2023-07-09,0,a,0,21,9
297,<p>aa</p>,2023-07-09,0,a,0,13,1
298,<p>aa</p>,2023-07-09,0,a,0,14,2
299,<p>aa</p>,2023-07-09,0,a,0,15,3
300,<p>aa</p>,2023-07-09,0,a,0,16,4
301,<p>aa</p>,2023-07-09,0,a,0,17,5
302,<p>aa</p>,2023-07-09,0,a,0,18,6
303,<p>aa</p>,2023-07-09,0,a,0,19,7
304,<p>aa</p>,2023-07-09,0,a,0,20,8
305,<p>aa</p>,2023-07-09,0,a,0,21,9
306,<p>aa</p>,2023-07-09,0,a,0,13,1
307,<p>aa</p>,2023-07-09,0,a,0,14,2
308,<p>aa</p>,2023-07-09,0,a,0,15,3
309,<p>aa</p>,2023-07-09,0,a,0,16,4
310,<p>aa</p>,2023-07-09,0,a,0,17,5
311,<p>aa</p>,2023-07-09,0,a,0,18,6
312,<p>aa</p>,2023-07-09,0,a,0,19,7
313,<p>aa</p>,2023-07-09,0,a,0,20,8
314,<p>aa</p>,2023-07-09,0,a,0,21,9
315,<p>aa</p>,2023-07-09,0,a,0,13,1
316,<p>aa</p>,2023-07-09,0,a,0,14,2
317,<p>aa</p>,2023-07-09,0,a,0,15,3
318,<p>aa</p>,2023-07-09,0,a,0,16,4
319,<p>aa</p>,2023-07-09,0,a,0,17,5
320,<p>aa</p>,2023-07-09,0,a,0,18,6
321,<p>aa</p>,2023-07-09,0,a,0,19,7
322,<p>aa</p>,2023-07-09,0,a,0,20,8
323,<p>aa</p>,2023-07-09,0,a,0,21,9
324,<p>aa</p>,2023-07-09,0,a,0,13,1
325,<p>aa</p>,2023-07-09,0,a,0,14,2
326,<p>aa</p>,2023-07-09,0,a,0,15,3
327,<p>aa</p>,2023-07-09,0,a,0,16,4
328,<p>aa</p>,2023-07-09,0,a,0,17,5
329,<p>aa</p>,2023-07-09,0,a,0,18,6
330,<p>aa</p>,2023-07-09,0,a,0,19,7
331,<p>aa</p>,2023-07-09,0,a,0,20,8
332,<p>aa</p>,2023-07-09,0,a,0,21,9
333,<p>aa</p>,2023-07-09,0,a,0,13,1
334,<p>aa</p>,2023-07-09,0,a,0,14,2
335,<p>aa</p>,2023-07-09,0,a,0,15,3
336,<p>aa</p>,2023-07-09,0,a,0,16,4
337,<p>aa</p>,2023-07-09,0,a,0,17,5
338,<p>aa</p>,2023-07-09,0,a,0,18,6
339,<p>aa</p>,2023-07-09,0,a,0,19,7
340,<p>aa</p>,2023-07-09,0,a,0,20,8
341,<p>aa</p>,2023-07-09,0,a,0,21,9
342,<p>aa</p>,2023-07-09,0,a,0,13,1
343,<p>aa</p>,2023-07-09,0,a,0,14,2
344,<p>aa</p>,2023-07-09,0,a,0,15,3
345,<p>aa</p>,2023-07-09,0,a,0,16,4
346,<p>aa</p>,2023-07-09,0,a,0,17,5
347,<p>aa</p>,2023-07-09,0,a,0,18,6
348,<p>aa</p>,2023-07-09,0,a,0,19,7
349,<p>aa</p>,2023-07-09,0,a,0,20,8
350,<p>aa</p>,2023-07-09,0,a,0,21,9
351,<p>aa</p>,2023-07-09,0,a,0,13,1
352,<p>aa</p>,2023-07-09,0,a,0,14,2
353,<p>aa</p>,2023-07-09,0,a,0,15,3
354,<p>aa</p>,2023-07-09,0,a,0,16,4
355,<p>aa</p>,2023-07-09,0,a,0,17,5
356,<p>aa</p>,2023-07-09,0,a,0,18,6
357,<p>aa</p>,2023-07-09,0,a,0,19,7
358,<p>aa</p>,2023-07-09,0,a,0,20,8
359,<p>aa</p>,2023-07-09,0,a,0,21,9
360,<p>aa</p>,2023-07-09,0,a,0,13,1
361,<p>aa</p>,2023-07-09,0,a,0,14,2
362,<p>aa</p>,2023-07-09,0,a,0,15,3
363,<p>aa</p>,2023-07-09,0,a,0,16,4
364,<p>aa</p>,2023-07-09,0,a,0,17,5
365,<p>aa</p>,2023-07-09,0,a,0,18,6
366,<p>aa</p>,2023-07-09,0,a,0,19,7
367,<p>aa</p>,2023-07-09,0,a,0,20,8
368,<p>aa</p>,2023-07-09,0,a,0,21,9
369,<p>aa</p>,2023-07-09,0,a,0,13,1
370,<p>aa</p>,2023-07-09,0,a,0,14,2
371,<p>aa</p>,2023-07-09,0,a,0,15,3
372,<p>aa</p>,2023-07-09,0,a,0,16,4
373,<p>aa</p>,2023-07-09,0,a,0,17,5
374,<p>aa</p>,2023-07-09,0,a,0,18,6
375,<p>aa</p>,2023-07-09,0,a,0,19,7
376,<p>aa</p>,2023-07-09,0,a,0,20,8
377,<p>aa</p>,2023-07-09,0,a,0,21,9
378,<p>aa</p>,2023-07-09,0,a,0,13,1
379,<p>aa</p>,2023-07-09,0,a,0,14,2
380,<p>aa</p>,2023-07-09,0,a,0,15,3
381,<p>aa</p>,2023-07-09,0,a,0,16,4
382,<p>aa</p>,2023-07-09,0,a,0,17,5
383,<p>aa</p>,2023-07-09,0,a,0,18,6
384,<p>aa</p>,2023-07-09,0,a,0,19,7
385,<p>aa</p>,2023-07-09,0,a,0,20,8
386,<p>aa</p>,2023-07-09,0,a,0,21,9
387,<p>aa</p>,2023-07-09,0,a,0,13,1
388,<p>aa</p>,2023-07-09,0,a,0,14,2
389,<p>aa</p>,2023-07-09,0,a,0,15,3
390,<p>aa</p>,2023-07-09,0,a,0,16,4
391,<p>aa</p>,2023-07-09,0,a,0,17,5
392,<p>aa</p>,2023-07-09,0,a,0,18,6
393,<p>aa</p>,2023-07-09,0,a,0,19,7
394,<p>aa</p>,2023-07-09,0,a,0,20,8
395,<p>aa</p>,2023-07-09,0,a,0,21,9
396,<p>aa</p>,2023-07-09,0,a,0,13,1
397,<p>aa</p>,2023-07-09,0,a,0,14,2
398,<p>aa</p>,2023-07-09,0,a,0,15,3
399,<p>aa</p>,2023-07-09,0,a,0,16,4
400,<p>aa</p>,2023-07-09,0,a,0,17,5
401,<p>aa</p>,2023-07-09,0,a,0,18,6
402,<p>aa</p>,2023-07-09,0,a,0,19,7
403,<p>aa</p>,2023-07-09,0,a,0,20,8
404,<p>aa</p>,2023-07-09,0,a,0,21,9
405,<p>aa</p>,2023-07-09,0,a,0,13,1
406,<p>aa</p>,2023-07-09,0,a,0,14,2
407,<p>aa</p>,2023-07-09,0,a,0,15,3
408,<p>aa</p>,2023-07-09,0,a,0,16,4
409,<p>aa</p>,2023-07-09,0,a,0,17,5
410,<p>aa</p>,2023-07-09,0,a,0,18,6
411,<p>aa</p>,2023-07-09,0,a,0,19,7
412,<p>aa</p>,2023-07-09,0,a,0,20,8
413,<p>aa</p>,2023-07-09,0,a,0,21,9
414,<p>aa</p>,2023-07-09,0,a,0,13,1
415,<p>aa</p>,2023-07-09,0,a,0,14,2
416,<p>aa</p>,2023-07-09,0,a,0,15,3
417,<p>aa</p>,2023-07-09,0,a,0,16,4
418,<p>aa</p>,2023-07-09,0,a,0,17,5
419,<p>aa</p>,2023-07-09,0,a,0,18,6
420,<p>aa</p>,2023-07-09,0,a,0,19,7
421,<p>aa</p>,2023-07-09,0,a,0,20,8
422,<p>aa</p>,2023-07-09,0,a,0,21,9
423,<p>aa</p>,2023-07-09,0,a,0,13,1
424,<p>aa</p>,2023-07-09,0,a,0,14,2
425,<p>aa</p>,2023-07-09,0,a,0,15,3
426,<p>aa</p>,2023-07-09,0,a,0,16,4
427,<p>aa</p>,2023-07-09,0,a,0,17,5
428,<p>aa</p>,2023-07-09,0,a,0,18,6
429,<p>aa</p>,2023-07-09,0,a,0,19,7
430,<p>aa</p>,2023-07-09,0,a,0,20,8
431,<p>aa</p>,2023-07-09,0,a,0,21,9
432,<p>aa</p>,2023-07-09,0,a,0,13,1
433,<p>aa</p>,2023-07-09,0,a,0,14,2
434,<p>aa</p>,2023-07-09,0,a,0,15,3
435,<p>aa</p>,2023-07-09,0,a,0,16,4
436,<p>aa</p>,2023-07-09,0,a,0,17,5
437,<p>aa</p>,2023-07-09,0,a,0,18,6
438,<p>aa</p>,2023-07-09,0,a,0,19,7
439,<p>aa</p>,2023-07-09,0,a,0,20,8
440,<p>aa</p>,2023-07-09,0,a,0,21,9
441,<p>aa</p>,2023-07-09,0,a,0,13,1
442,<p>aa</p>,2023-07-09,0,a,0,14,2
443,<p>aa</p>,2023-07-09,0,a,0,15,3
444,<p>aa</p>,2023-07-09,0,a,0,16,4
445,<p>aa</p>,2023-07-09,0,a,0,17,5
446,<p>aa</p>,2023-07-09,0,a,0,18,6
447,<p>aa</p>,2023-07-09,0,a,0,19,7
448,<p>aa</p>,2023-07-09,0,a,0,20,8
449,<p>aa</p>,2023-07-09,0,a,0,21,9
450,<p>aa</p>,2023-07-09,0,a,0,13,1
451,<p>aa</p>,2023-07-09,0,a,0,14,2
452,<p>aa</p>,2023-07-09,0,a,0,15,3
453,<p>aa</p>,2023-07-09,0,a,0,16,4
454,<p>aa</p>,2023-07-09,0,a,0,17,5
455,<p>aa</p>,2023-07-09,0,a,0,18,6
456,<p>aa</p>,2023-07-09,0,a,0,19,7
457,<p>aa</p>,2023-07-09,0,a,0,20,8
458,<p>aa</p>,2023-07-09,0,a,0,21,9
459,<p>aa</p>,2023-07-09,0,a,0,13,1
460,<p>aa</p>,2023-07-09,0,a,0,14,2
461,<p>aa</p>,2023-07-09,0,a,0,15,3
462,<p>aa</p>,2023-07-09,0,a,0,16,4
463,<p>aa</p>,2023-07-09,0,a,0,17,5
464,<p>aa</p>,2023-07-09,0,a,0,18,6
465,<p>aa</p>,2023-07-09,0,a,0,19,7
466,<p>aa</p>,2023-07-09,0,a,0,20,8
467,<p>aa</p>,2023-07-09,0,a,0,21,9
468,<p>aa</p>,2023-07-09,0,a,0,13,1
469,<p>aa</p>,2023-07-09,0,a,0,14,2
470,<p>aa</p>,2023-07-09,0,a,0,15,3
471,<p>aa</p>,2023-07-09,0,a,0,16,4
472,<p>aa</p>,2023-07-09,0,a,0,17,5
473,<p>aa</p>,2023-07-09,0,a,0,18,6
474,<p>aa</p>,2023-07-09,0,a,0,19,7
475,<p>aa</p>,2023-07-09,0,a,0,20,8
476,<p>aa</p>,2023-07-09,0,a,0,21,9
477,<p>aa</p>,2023-07-09,0,a,0,13,1
478,<p>aa</p>,2023-07-09,0,a,0,14,2
479,<p>aa</p>,2023-07-09,0,a,0,15,3
480,<p>aa</p>,2023-07-09,0,a,0,16,4
481,<p>aa</p>,2023-07-09,0,a,0,17,5
482,<p>aa</p>,2023-07-09,0,a,0,18,6
483,<p>aa</p>,2023-07-09,0,a,0,19,7
484,<p>aa</p>,2023-07-09,0,a,0,20,8
485,<p>aa</p>,2023-07-09,0,a,0,21,9
486,<p>aa</p>,2023-07-09,0,a,0,13,1
487,<p>aa</p>,2023-07-09,0,a,0,14,2
488,<p>aa</p>,2023-07-09,0,a,0,15,3
489,<p>aa</p>,2023-07-09,0,a,0,16,4
490,<p>aa</p>,2023-07-09,0,a,0,17,5
491,<p>aa</p>,2023-07-09,0,a,0,18,6
492,<p>aa</p>,2023-07-09,0,a,0,19,7
493,<p>aa</p>,2023-07-09,0,a,0,20,8
494,<p>aa</p>,2023-07-09,0,a,0,21,9
495,<p>aa</p>,2023-07-09,0,a,0,13,1
496,<p>aa</p>,2023-07-09,0,a,0,14,2
497,<p>aa</p>,2023-07-09,0,a,0,15,3
498,<p>aa</p>,2023-07-09,0,a,0,16,4
499,<p>aa</p>,2023-07-09,0,a,0,17,5
500,<p>aa</p>,2023-07-09,0,a,0,18,6
501,<p>aa</p>,2023-07-09,0,a,0,19,7
502,<p>aa</p>,2023-07-09,0,a,0,20,8
503,<p>aa</p>,2023-07-09,0,a,0,21,9
504,<p>aa</p>,2023-07-09,0,a,0,13,1
505,<p>aa</p>,2023-07-09,0,a,0,14,2
506,<p>aa</p>,2023-07-09,0,a,0,15,3
507,<p>aa</p>,2023-07-09,0,a,0,16,4
508,<p>aa</p>,2023-07-09,0,a,0,17,5
509,<p>aa</p>,2023-07-09,0,a,0,18,6
510,<p>aa</p>,2023-07-09,0,a,0,19,7
511,<p>aa</p>,2023-07-09,0,a,0,20,8
512,<p>aa</p>,2023-07-09,0,a,0,21,9
513,<p>aa</p>,2023-07-09,0,a,0,13,1
514,<p>aa</p>,2023-07-09,0,a,0,14,2
515,<p>aa</p>,2023-07-09,0,a,0,15,3
516,<p>aa</p>,2023-07-09,0,a,0,16,4
517,<p>aa</p>,2023-07-09,0,a,0,17,5
518,<p>aa</p>,2023-07-09,0,a,0,18,6
519,<p>aa</p>,2023-07-09,0,a,0,19,7
520,<p>aa</p>,2023-07-09,0,a,0,20,8
521,<p>aa</p>,2023-07-09,0,a,0,21,9
522,<p>aa</p>,2023-07-09,0,a,0,13,1
523,<p>aa</p>,2023-07-09,0,a,0,14,2
524,<p>aa</p>,2023-07-09,0,a,0,15,3
525,<p>aa</p>,2023-07-09,0,a,0,16,4
526,<p>aa</p>,2023-07-09,0,a,0,17,5
527,<p>aa</p>,2023-07-09,0,a,0,18,6
528,<p>aa</p>,2023-07-09,0,a,0,19,7
529,<p>aa</p>,2023-07-09,0,a,0,20,8
530,<p>aa</p>,2023-07-09,0,a,0,21,9
531,<p>aa</p>,2023-07-09,0,a,0,13,1
532,<p>aa</p>,2023-07-09,0,a,0,14,2
533,<p>aa</p>,2023-07-09,0,a,0,15,3
534,<p>aa</p>,2023-07-09,0,a,0,16,4
535,<p>aa</p>,2023-07-09,0,a,0,17,5
536,<p>aa</p>,2023-07-09,0,a,0,18,6
537,<p>aa</p>,2023-07-09,0,a,0,19,7
538,<p>aa</p>,2023-07-09,0,a,0,20,8
539,<p>aa</p>,2023-07-09,0,a,0,21,9
540,<p>aa</p>,2023-07-09,0,a,0,13,1
541,<p>aa</p>,2023-07-09,0,a,0,14,2
542,<p>aa</p>,2023-07-09,0,a,0,15,3
543,<p>aa</p>,2023-07-09,0,a,0,16,4
544,<p>aa</p>,2023-07-09,0,a,0,17,5
545,<p>aa</p>,2023-07-09,0,a,0,18,6
546,<p>aa</p>,2023-07-09,0,a,0,19,7
547,<p>aa</p>,2023-07-09,0,a,0,20,8
548,<p>aa</p>,2023-07-09,0,a,0,21,9
549,<p>aa</p>,2023-07-09,0,a,0,13,1
550,<p>aa</p>,2023-07-09,0,a,0,14,2
551,<p>aa</p>,2023-07-09,0,a,0,15,3
552,<p>aa</p>,2023-07-09,0,a,0,16,4
553,<p>aa</p>,2023-07-09,0,a,0,17,5
554,<p>aa</p>,2023-07-09,0,a,0,18,6
555,<p>aa</p>,2023-07-09,0,a,0,19,7
556,<p>aa</p>,2023-07-09,0,a,0,20,8
557,<p>aa</p>,2023-07-09,0,a,0,21,9
558,<p>aa</p>,2023-07-09,0,a,0,13,1
559,<p>aa</p>,2023-07-09,0,a,0,14,2
560,<p>aa</p>,2023-07-09,0,a,0,15,3
561,<p>aa</p>,2023-07-09,0,a,0,16,4
562,<p>aa</p>,2023-07-09,0,a,0,17,5
563,<p>aa</p>,2023-07-09,0,a,0,18,6
564,<p>aa</p>,2023-07-09,0,a,0,19,7
565,<p>aa</p>,2023-07-09,0,a,0,20,8
566,<p>aa</p>,2023-07-09,0,a,0,21,9
567,<p>aa</p>,2023-07-09,0,a,0,13,1
568,<p>aa</p>,2023-07-09,0,a,0,14,2
569,<p>aa</p>,2023-07-09,0,a,0,15,3
570,<p>aa</p>,2023-07-09,0,a,0,16,4
571,<p>aa</p>,2023-07-09,0,a,0,17,5
572,<p>aa</p>,2023-07-09,0,a,0,18,6
573,<p>aa</p>,2023-07-09,0,a,0,19,7
574,<p>aa</p>,2023-07-09,0,a,0,20,8
575,<p>aa</p>,2023-07-09,0,a,0,21,9
576,<p>aa</p>,2023-07-09,0,a,0,13,1
577,<p>aa</p>,2023-07-09,0,a,0,14,2
578,<p>aa</p>,2023-07-09,0,a,0,15,3
579,<p>aa</p>,2023-07-09,0,a,0,16,4
580,<p>aa</p>,2023-07-09,0,a,0,17,5
581,<p>aa</p>,2023-07-09,0,a,0,18,6
582,<p>aa</p>,2023-07-09,0,a,0,19,7
583,<p>aa</p>,2023-07-09,0,a,0,20,8
584,<p>aa</p>,2023-07-09,0,a,0,21,9
585,<p>aa</p>,2023-07-09,0,a,0,13,1
586,<p>aa</p>,2023-07-09,0,a,0,14,2
587,<p>aa</p>,2023-07-09,0,a,0,15,3
588,<p>aa</p>,2023-07-09,0,a,0,16,4
589,<p>aa</p>,2023-07-09,0,a,0,17,5
590,<p>aa</p>,2023-07-09,0,a,0,18,6
591,<p>aa</p>,2023-07-09,0,a,0,19,7
592,<p>aa</p>,2023-07-09,0,a,0,20,8
593,<p>aa</p>,2023-07-09,0,a,0,21,9
594,<p>aa</p>,2023-07-09,0,a,0,13,1
595,<p>aa</p>,2023-07-09,0,a,0,14,2
596,<p>aa</p>,2023-07-09,0,a,0,15,3
597,<p>aa</p>,2023-07-09,0,a,0,16,4
598,<p>aa</p>,2023-07-09,0,a,0,17,5
599,<p>aa</p>,2023-07-09,0,a,0,18,6
600,<p>aa</p>,2023-07-09,0,a,0,19,7
601,<p>aa</p>,2023-07-09,0,a,0,20,8
602,<p>aa</p>,2023-07-09,0,a,0,21,9
603,<p>aa</p>,2023-07-09,0,a,0,13,1
604,<p>aa</p>,2023-07-09,0,a,0,14,2
605,<p>aa</p>,2023-07-09,0,a,0,15,3
606,<p>aa</p>,2023-07-09,0,a,0,16,4
607,<p>aa</p>,2023-07-09,0,a,0,17,5
608,<p>aa</p>,2023-07-09,0,a,0,18,6
609,<p>aa</p>,2023-07-09,0,a,0,19,7
610,<p>aa</p>,2023-07-09,0,a,0,20,8
611,<p>aa</p>,2023-07-09,0,a,0,21,9
612,<p>aa</p>,2023-07-09,0,a,0,13,1
613,<p>aa</p>,2023-07-09,0,a,0,14,2
614,<p>aa</p>,2023-07-09,0,a,0,15,3
615,<p>aa</p>,2023-07-09,0,a,0,16,4
616,<p>aa</p>,2023-07-09,0,a,0,17,5
617,<p>aa</p>,2023-07-09,0,a,0,18,6
618,<p>aa</p>,2023-07-09,0,a,0,19,7
619,<p>aa</p>,2023-07-09,0,a,0,20,8
620,<p>aa</p>,2023-07-09,0,a,0,21,9
621,<p>aa</p>,2023-07-09,0,a,0,13,1
622,<p>aa</p>,2023-07-09,0,a,0,14,2
623,<p>aa</p>,2023-07-09,0,a,0,15,3
624,<p>aa</p>,2023-07-09,0,a,0,16,4
625,<p>aa</p>,2023-07-09,0,a,0,17,5
626,<p>aa</p>,2023-07-09,0,a,0,18,6
627,<p>aa</p>,2023-07-09,0,a,0,19,7
628,<p>aa</p>,2023-07-09,0,a,0,20,8
629,<p>aa</p>,2023-07-09,0,a,0,21,9
630,<p>aa</p>,2023-07-09,0,a,0,13,1
631,<p>aa</p>,2023-07-09,0,a,0,14,2
632,<p>aa</p>,2023-07-09,0,a,0,15,3
633,<p>aa</p>,2023-07-09,0,a,0,16,4
634,<p>aa</p>,2023-07-09,0,a,0,17,5
635,<p>aa</p>,2023-07-09,0,a,0,18,6
636,<p>aa</p>,2023-07-09,0,a,0,19,7
637,<p>aa</p>,2023-07-09,0,a,0,20,8
638,<p>aa</p>,2023-07-09,0,a,0,21,9
639,<p>aa</p>,2023-07-09,0,a,0,13,1
640,<p>aa</p>,2023-07-09,0,a,0,14,2
641,<p>aa</p>,2023-07-09,0,a,0,15,3
642,<p>aa</p>,2023-07-09,0,a,0,16,4
643,<p>aa</p>,2023-07-09,0,a,0,17,5
644,<p>aa</p>,2023-07-09,0,a,0,18,6
645,<p>aa</p>,2023-07-09,0,a,0,19,7
646,<p>aa</p>,2023-07-09,0,a,0,20,8
647,<p>aa</p>,2023-07-09,0,a,0,21,9
648,<p>aa</p>,2023-07-09,0,a,0,13,1
649,<p>aa</p>,2023-07-09,0,a,0,14,2
650,<p>aa</p>,2023-07-09,0,a,0,15,3
651,<p>aa</p>,2023-07-09,0,a,0,16,4
652,<p>aa</p>,2023-07-09,0,a,0,17,5
653,<p>aa</p>,2023-07-09,0,a,0,18,6
654,<p>aa</p>,2023-07-09,0,a,0,19,7
655,<p>aa</p>,2023-07-09,0,a,0,20,8
656,<p>aa</p>,2023-07-09,0,a,0,21,9
657,<p>aa</p>,2023-07-09,0,a,0,13,1
658,<p>aa</p>,2023-07-09,0,a,0,14,2
659,<p>aa</p>,2023-07-09,0,a,0,15,3
660,<p>aa</p>,2023-07-09,0,a,0,16,4
661,<p>aa</p>,2023-07-09,0,a,0,17,5
662,<p>aa</p>,2023-07-09,0,a,0,18,6
663,<p>aa</p>,2023-07-09,0,a,0,19,7
664,<p>aa</p>,2023-07-09,0,a,0,20,8
665,<p>aa</p>,2023-07-09,0,a,0,21,9
666,<p>aa</p>,2023-07-09,0,a,0,13,1
667,<p>aa</p>,2023-07-09,0,a,0,14,2
668,<p>aa</p>,2023-07-09,0,a,0,15,3
669,<p>aa</p>,2023-07-09,0,a,0,16,4
670,<p>aa</p>,2023-07-09,0,a,0,17,5
671,<p>aa</p>,2023-07-09,0,a,0,18,6
672,<p>aa</p>,2023-07-09,0,a,0,19,7
673,<p>aa</p>,2023-07-09,0,a,0,20,8
674,<p>aa</p>,2023-07-09,0,a,0,21,9
675,<p>aa</p>,2023-07-09,0,a,0,13,1
676,<p>aa</p>,2023-07-09,0,a,0,14,2
677,<p>aa</p>,2023-07-09,0,a,0,15,3
678,<p>aa</p>,2023-07-09,0,a,0,16,4
679,<p>aa</p>,2023-07-09,0,a,0,17,5
680,<p>aa</p>,2023-07-09,0,a,0,18,6
681,<p>aa</p>,2023-07-09,0,a,0,19,7
682,<p>aa</p>,2023-07-09,0,a,0,20,8
683,<p>aa</p>,2023-07-09,0,a,0,21,9
684,<p>aa</p>,2023-07-09,0,a,0,13,1
685,<p>aa</p>,2023-07-09,0,a,0,14,2
686,<p>aa</p>,2023-07-09,0,a,0,15,3
687,<p>aa</p>,2023-07-09,0,a,0,16,4
688,<p>aa</p>,2023-07-09,0,a,0,17,5
689,<p>aa</p>,2023-07-09,0,a,0,18,6
690,<p>aa</p>,2023-07-09,0,a,0,19,7
691,<p>aa</p>,2023-07-09,0,a,0,20,8
692,<p>aa</p>,2023-07-09,0,a,0,21,9
693,<p>aa</p>,2023-07-09,0,a,0,13,1
694,<p>aa</p>,2023-07-09,0,a,0,14,2
695,<p>aa</p>,2023-07-09,0,a,0,15,3
696,<p>aa</p>,2023-07-09,0,a,0,16,4
697,<p>aa</p>,2023-07-09,0,a,0,17,5
698,<p>aa</p>,2023-07-09,0,a,0,18,6
699,<p>aa</p>,2023-07-09,0,a,0,19,7
700,<p>aa</p>,2023-07-09,0,a,0,20,8
701,<p>aa</p>,2023-07-09,0,a,0,21,9
702,<p>aa</p>,2023-07-09,0,a,0,13,1
703,<p>aa</p>,2023-07-09,0,a,0,14,2
704,<p>aa</p>,2023-07-09,0,a,0,15,3
705,<p>aa</p>,2023-07-09,0,a,0,16,4
706,<p>aa</p>,2023-07-09,0,a,0,17,5
707,<p>aa</p>,2023-07-09,0,a,0,18,6
708,<p>aa</p>,2023-07-09,0,a,0,19,7
709,<p>aa</p>,2023-07-09,0,a,0,20,8
710,<p>aa</p>,2023-07-09,0,a,0,21,9
711,<p>aa</p>,2023-07-09,0,a,0,13,1
712,<p>aa</p>,2023-07-09,0,a,0,14,2
713,<p>aa</p>,2023-07-09,0,a,0,15,3
714,<p>aa</p>,2023-07-09,0,a,0,16,4
715,<p>aa</p>,2023-07-09,0,a,0,17,5
716,<p>aa</p>,2023-07-09,0,a,0,18,6
717,<p>aa</p>,2023-07-09,0,a,0,19,7
718,<p>aa</p>,2023-07-09,0,a,0,20,8
719,<p>aa</p>,2023-07-09,0,a,0,21,9
720,<p>aa</p>,2023-07-09,0,a,0,13,1
721,<p>aa</p>,2023-07-09,0,a,0,14,2
722,<p>aa</p>,2023-07-09,0,a,0,15,3
723,<p>aa</p>,2023-07-09,0,a,0,16,4
724,<p>aa</p>,2023-07-09,0,a,0,17,5
725,<p>aa</p>,2023-07-09,0,a,0,18,6
726,<p>aa</p>,2023-07-09,0,a,0,19,7
727,<p>aa</p>,2023-07-09,0,a,0,20,8
728,<p>aa</p>,2023-07-09,0,a,0,21,9
729,<p>aa</p>,2023-07-09,0,a,0,13,1
730,<p>aa</p>,2023-07-09,0,a,0,14,2
731,<p>aa</p>,2023-07-09,0,a,0,15,3
732,<p>aa</p>,2023-07-09,0,a,0,16,4
733,<p>aa</p>,2023-07-09,0,a,0,17,5
734,<p>aa</p>,2023-07-09,0,a,0,18,6
735,<p>aa</p>,2023-07-09,0,a,0,19,7
736,<p>aa</p>,2023-07-09,0,a,0,20,8
737,<p>aa</p>,2023-07-09,0,a,0,21,9
738,<p>aa</p>,2023-07-09,0,a,0,13,1
739,<p>aa</p>,2023-07-09,0,a,0,14,2
740,<p>aa</p>,2023-07-09,0,a,0,15,3
741,<p>aa</p>,2023-07-09,0,a,0,16,4
742,<p>aa</p>,2023-07-09,0,a,0,17,5
743,<p>aa</p>,2023-07-09,0,a,0,18,6
744,<p>aa</p>,2023-07-09,0,a,0,19,7
745,<p>aa</p>,2023-07-09,0,a,0,20,8
746,<p>aa</p>,2023-07-09,0,a,0,21,9
747,<p>aa</p>,2023-07-09,0,a,0,13,1
748,<p>aa</p>,2023-07-09,0,a,0,14,2
749,<p>aa</p>,2023-07-09,0,a,0,15,3
750,<p>aa</p>,2023-07-09,0,a,0,16,4
751,<p>aa</p>,2023-07-09,0,a,0,17,5
752,<p>aa</p>,2023-07-09,0,a,0,18,6
753,<p>aa</p>,2023-07-09,0,a,0,19,7
754,<p>aa</p>,2023-07-09,0,a,0,20,8
755,<p>aa</p>,2023-07-09,0,a,0,21,9
756,<p>aa</p>,2023-07-09,0,a,0,13,1
757,<p>aa</p>,2023-07-09,0,a,0,14,2
758,<p>aa</p>,2023-07-09,0,a,0,15,3
759,<p>aa</p>,2023-07-09,0,a,0,16,4
760,<p>aa</p>,2023-07-09,0,a,0,17,5
761,<p>aa</p>,2023-07-09,0,a,0,18,6
762,<p>aa</p>,2023-07-09,0,a,0,19,7
763,<p>aa</p>,2023-07-09,0,a,0,20,8
764,<p>aa</p>,2023-07-09,0,a,0,21,9
765,<p>aa</p>,2023-07-09,0,a,0,13,1
766,<p>aa</p>,2023-07-09,0,a,0,14,2
767,<p>aa</p>,2023-07-09,0,a,0,15,3
768,<p>aa</p>,2023-07-09,0,a,0,16,4
769,<p>aa</p>,2023-07-09,0,a,0,17,5
770,<p>aa</p>,2023-07-09,0,a,0,18,6
771,<p>aa</p>,2023-07-09,0,a,0,19,7
772,<p>aa</p>,2023-07-09,0,a,0,20,8
773,<p>aa</p>,2023-07-09,0,a,0,21,9
774,<p>aa</p>,2023-07-09,0,a,0,13,1
775,<p>aa</p>,2023-07-09,0,a,0,14,2
776,<p>aa</p>,2023-07-09,0,a,0,15,3
777,<p>aa</p>,2023-07-09,0,a,0,16,4
778,<p>aa</p>,2023-07-09,0,a,0,17,5
779,<p>aa</p>,2023-07-09,0,a,0,18,6
780,<p>aa</p>,2023-07-09,0,a,0,19,7
781,<p>aa</p>,2023-07-09,0,a,0,20,8
782,<p>aa</p>,2023-07-09,0,a,0,21,9
783,<p>aa</p>,2023-07-09,0,a,0,13,1
784,<p>aa</p>,2023-07-09,0,a,0,14,2
785,<p>aa</p>,2023-07-09,0,a,0,15,3
786,<p>aa</p>,2023-07-09,0,a,0,16,4
787,<p>aa</p>,2023-07-09,0,a,0,17,5
788,<p>aa</p>,2023-07-09,0,a,0,18,6
789,<p>aa</p>,2023-07-09,0,a,0,19,7
790,<p>aa</p>,2023-07-09,0,a,0,20,8
791,<p>aa</p>,2023-07-09,0,a,0,21,9
792,<p>aa</p>,2023-07-09,0,a,0,13,1
793,<p>aa</p>,2023-07-09,0,a,0,14,2
794,<p>aa</p>,2023-07-09,0,a,0,15,3
795,<p>aa</p>,2023-07-09,0,a,0,16,4
796,<p>aa</p>,2023-07-09,0,a,0,17,5
797,<p>aa</p>,2023-07-09,0,a,0,18,6
798,<p>aa</p>,2023-07-09,0,a,0,19,7
799,<p>aa</p>,2023-07-09,0,a,0,20,8
800,<p>aa</p>,2023-07-09,0,a,0,21,9
801,<p>aa</p>,2023-07-09,0,a,0,13,1
802,<p>aa</p>,2023-07-09,0,a,0,14,2
803,<p>aa</p>,2023-07-09,0,a,0,15,3
804,<p>aa</p>,2023-07-09,0,a,0,16,4
805,<p>aa</p>,2023-07-09,0,a,0,17,5
806,<p>aa</p>,2023-07-09,0,a,0,18,6
807,<p>aa</p>,2023-07-09,0,a,0,19,7
808,<p>aa</p>,2023-07-09,0,a,0,20,8
809,<p>aa</p>,2023-07-09,0,a,0,21,9
810,<p>aa</p>,2023-07-09,0,a,0,13,1
811,<p>aa</p>,2023-07-09,0,a,0,14,2
812,<p>aa</p>,2023-07-09,0,a,0,15,3
813,<p>aa</p>,2023-07-09,0,a,0,16,4
814,<p>aa</p>,2023-07-09,0,a,0,17,5
815,<p>aa</p>,2023-07-09,0,a,0,18,6
816,<p>aa</p>,2023-07-09,0,a,0,19,7
817,<p>aa</p>,2023-07-09,0,a,0,20,8
818,<p>aa</p>,2023-07-09,0,a,0,21,9
819,<p>aa</p>,2023-07-09,0,a,0,13,1
820,<p>aa</p>,2023-07-09,0,a,0,14,2
821,<p>aa</p>,2023-07-09,0,a,0,15,3
822,<p>aa</p>,2023-07-09,0,a,0,16,4
823,<p>aa</p>,2023-07-09,0,a,0,17,5
824,<p>aa</p>,2023-07-09,0,a,0,18,6
825,<p>aa</p>,2023-07-09,0,a,0,19,7
826,<p>aa</p>,2023-07-09,0,a,0,20,8
827,<p>aa</p>,2023-07-09,0,a,0,21,9
828,<p>aa</p>,2023-07-09,0,a,0,13,1
829,<p>aa</p>,2023-07-09,0,a,0,14,2
830,<p>aa</p>,2023-07-09,0,a,0,15,3
831,<p>aa</p>,2023-07-09,0,a,0,16,4
832,<p>aa</p>,2023-07-09,0,a,0,17,5
833,<p>aa</p>,2023-07-09,0,a,0,18,6
834,<p>aa</p>,2023-07-09,0,a,0,19,7
835,<p>aa</p>,2023-07-09,0,a,0,20,8
836,<p>aa</p>,2023-07-09,0,a,0,21,9
837,<p>aa</p>,2023-07-09,0,a,0,13,1
838,<p>aa</p>,2023-07-09,0,a,0,14,2
839,<p>aa</p>,2023-07-09,0,a,0,15,3
840,<p>aa</p>,2023-07-09,0,a,0,16,4
841,<p>aa</p>,2023-07-09,0,a,0,17,5
842,<p>aa</p>,2023-07-09,0,a,0,18,6
843,<p>aa</p>,2023-07-09,0,a,0,19,7
844,<p>aa</p>,2023-07-09,0,a,0,20,8
845,<p>aa</p>,2023-07-09,0,a,0,21,9
846,<p>aa</p>,2023-07-09,0,a,0,13,1
847,<p>aa</p>,2023-07-09,0,a,0,14,2
848,<p>aa</p>,2023-07-09,0,a,0,15,3
849,<p>aa</p>,2023-07-09,0,a,0,16,4
850,<p>aa</p>,2023-07-09,0,a,0,17,5
851,<p>aa</p>,2023-07-09,0,a,0,18,6
852,<p>aa</p>,2023-07-09,0,a,0,19,7
853,<p>aa</p>,2023-07-09,0,a,0,20,8
854,<p>aa</p>,2023-07-09,0,a,0,21,9
855,<p>aa</p>,2023-07-09,0,a,0,13,1
856,<p>aa</p>,2023-07-09,0,a,0,14,2
857,<p>aa</p>,2023-07-09,0,a,0,15,3
858,<p>aa</p>,2023-07-09,0,a,0,16,4
859,<p>aa</p>,2023-07-09,0,a,0,17,5
860,<p>aa</p>,2023-07-09,0,a,0,18,6
861,<p>aa</p>,2023-07-09,0,a,0,19,7
862,<p>aa</p>,2023-07-09,0,a,0,20,8
863,<p>aa</p>,2023-07-09,0,a,0,21,9
864,<p>aa</p>,2023-07-09,0,a,0,13,1
865,<p>aa</p>,2023-07-09,0,a,0,14,2
866,<p>aa</p>,2023-07-09,0,a,0,15,3
867,<p>aa</p>,2023-07-09,0,a,0,16,4
868,<p>aa</p>,2023-07-09,0,a,0,17,5
869,<p>aa</p>,2023-07-09,0,a,0,18,6
870,<p>aa</p>,2023-07-09,0,a,0,19,7
871,<p>aa</p>,2023-07-09,0,a,0,20,8
872,<p>aa</p>,2023-07-09,0,a,0,21,9
873,<p>aa</p>,2023-07-09,0,a,0,13,1
874,<p>aa</p>,2023-07-09,0,a,0,14,2
875,<p>aa</p>,2023-07-09,0,a,0,15,3
876,<p>aa</p>,2023-07-09,0,a,0,16,4
877,<p>aa</p>,2023-07-09,0,a,0,17,5
878,<p>aa</p>,2023-07-09,0,a,0,18,6
879,<p>aa</p>,2023-07-09,0,a,0,19,7
880,<p>aa</p>,2023-07-09,0,a,0,20,8
881,<p>aa</p>,2023-07-09,0,a,0,21,9
882,<p>aa</p>,2023-07-09,0,a,0,13,1
883,<p>aa</p>,2023-07-09,0,a,0,14,2
884,<p>aa</p>,2023-07-09,0,a,0,15,3
885,<p>aa</p>,2023-07-09,0,a,0,16,4
886,<p>aa</p>,2023-07-09,0,a,0,17,5
887,<p>aa</p>,2023-07-09,0,a,0,18,6
888,<p>aa</p>,2023-07-09,0,a,0,19,7
889,<p>aa</p>,2023-07-09,0,a,0,20,8
890,<p>aa</p>,2023-07-09,0,a,0,21,9
891,<p>aa</p>,2023-07-09,0,a,0,13,1
892,<p>aa</p>,2023-07-09,0,a,0,14,2
893,<p>aa</p>,2023-07-09,0,a,0,15,3
894,<p>aa</p>,2023-07-09,0,a,0,16,4
895,<p>aa</p>,2023-07-09,0,a,0,17,5
896,<p>aa</p>,2023-07-09,0,a,0,18,6
897,<p>aa</p>,2023-07-09,0,a,0,19,7
898,<p>aa</p>,2023-07-09,0,a,0,20,8
899,<p>aa</p>,2023-07-09,0,a,0,21,9
900,<p>aa</p>,2023-07-09,0,a,0,13,1
901,<p>aa</p>,2023-07-09,0,a,0,14,2
902,<p>aa</p>,2023-07-09,0,a,0,15,3
903,<p>aa</p>,2023-07-09,0,a,0,16,4
904,<p>aa</p>,2023-07-09,0,a,0,17,5
905,<p>aa</p>,2023-07-09,0,a,0,18,6
906,<p>aa</p>,2023-07-09,0,a,0,19,7
907,<p>aa</p>,2023-07-09,0,a,0,20,8
908,<p>aa</p>,2023-07-09,0,a,0,21,9
909,<p>aa</p>,2023-07-09,0,a,0,13,1
910,<p>aa</p>,2023-07-09,0,a,0,14,2
911,<p>aa</p>,2023-07-09,0,a,0,15,3
912,<p>aa</p>,2023-07-09,0,a,0,16,4
913,<p>aa</p>,2023-07-09,0,a,0,17,5
914,<p>aa</p>,2023-07-09,0,a,0,18,6
915,<p>aa</p>,2023-07-09,0,a,0,19,7
916,<p>aa</p>,2023-07-09,0,a,0,20,8
917,<p>aa</p>,2023-07-09,0,a,0,21,9
918,<p>aa</p>,2023-07-09,0,a,0,13,1
919,<p>aa</p>,2023-07-09,0,a,0,14,2
920,<p>aa</p>,2023-07-09,0,a,0,15,3
921,<p>aa</p>,2023-07-09,0,a,0,16,4
922,<p>aa</p>,2023-07-09,0,a,0,17,5
923,<p>aa</p>,2023-07-09,0,a,0,18,6
924,<p>aa</p>,2023-07-09,0,a,0,19,7
925,<p>aa</p>,2023-07-09,0,a,0,20,8
926,<p>aa</p>,2023-07-09,0,a,0,21,9
927,<p>aa</p>,2023-07-09,0,a,0,13,1
928,<p>aa</p>,2023-07-09,0,a,0,14,2
929,<p>aa</p>,2023-07-09,0,a,0,15,3
930,<p>aa</p>,2023-07-09,0,a,0,16,4
931,<p>aa</p>,2023-07-09,0,a,0,17,5
932,<p>aa</p>,2023-07-09,0,a,0,18,6
933,<p>aa</p>,2023-07-09,0,a,0,19,7
934,<p>aa</p>,2023-07-09,0,a,0,20,8
935,<p>aa</p>,2023-07-09,0,a,0,21,9
936,<p>aa</p>,2023-07-09,0,a,0,13,1
937,<p>aa</p>,2023-07-09,0,a,0,14,2
938,<p>aa</p>,2023-07-09,0,a,0,15,3
939,<p>aa</p>,2023-07-09,0,a,0,16,4
940,<p>aa</p>,2023-07-09,0,a,0,17,5
941,<p>aa</p>,2023-07-09,0,a,0,18,6
942,<p>aa</p>,2023-07-09,0,a,0,19,7
943,<p>aa</p>,2023-07-09,0,a,0,20,8
944,<p>aa</p>,2023-07-09,0,a,0,21,9
945,<p>aa</p>,2023-07-09,0,a,0,13,1
946,<p>aa</p>,2023-07-09,0,a,0,14,2
947,<p>aa</p>,2023-07-09,0,a,0,15,3
948,<p>aa</p>,2023-07-09,0,a,0,16,4
949,<p>aa</p>,2023-07-09,0,a,0,17,5
950,<p>aa</p>,2023-07-09,0,a,0,18,6
951,<p>aa</p>,2023-07-09,0,a,0,19,7
952,<p>aa</p>,2023-07-09,0,a,0,20,8
953,<p>aa</p>,2023-07-09,0,a,0,21,9
954,<p>aa</p>,2023-07-09,0,a,0,13,1
955,<p>aa</p>,2023-07-09,0,a,0,14,2
956,<p>aa</p>,2023-07-09,0,a,0,15,3
957,<p>aa</p>,2023-07-09,0,a,0,16,4
958,<p>aa</p>,2023-07-09,0,a,0,17,5
959,<p>aa</p>,2023-07-09,0,a,0,18,6
960,<p>aa</p>,2023-07-09,0,a,0,19,7
961,<p>aa</p>,2023-07-09,0,a,0,20,8
962,<p>aa</p>,2023-07-09,0,a,0,21,9
963,<p>aa</p>,2023-07-09,0,a,0,13,1
964,<p>aa</p>,2023-07-09,0,a,0,14,2
965,<p>aa</p>,2023-07-09,0,a,0,15,3
966,<p>aa</p>,2023-07-09,0,a,0,16,4
967,<p>aa</p>,2023-07-09,0,a,0,17,5
968,<p>aa</p>,2023-07-09,0,a,0,18,6
969,<p>aa</p>,2023-07-09,0,a,0,19,7
970,<p>aa</p>,2023-07-09,0,a,0,20,8
971,<p>aa</p>,2023-07-09,0,a,0,21,9
972,<p>aa</p>,2023-07-09,0,a,0,13,1
973,<p>aa</p>,2023-07-09,0,a,0,14,2
974,<p>aa</p>,2023-07-09,0,a,0,15,3
975,<p>aa</p>,2023-07-09,0,a,0,16,4
976,<p>aa</p>,2023-07-09,0,a,0,17,5
977,<p>aa</p>,2023-07-09,0,a,0,18,6
978,<p>aa</p>,2023-07-09,0,a,0,19,7
979,<p>aa</p>,2023-07-09,0,a,0,20,8
980,<p>aa</p>,2023-07-09,0,a,0,21,9
981,<p>aa</p>,2023-07-09,0,a,0,13,1
982,<p>aa</p>,2023-07-09,0,a,0,14,2
983,<p>aa</p>,2023-07-09,0,a,0,15,3
984,<p>aa</p>,2023-07-09,0,a,0,16,4
985,<p>aa</p>,2023-07-09,0,a,0,17,5
986,<p>aa</p>,2023-07-09,0,a,0,18,6
987,<p>aa</p>,2023-07-09,0,a,0,19,7
988,<p>aa</p>,2023-07-09,0,a,0,20,8
989,<p>aa</p>,2023-07-09,0,a,0,21,9
990,<p>aa</p>,2023-07-09,0,a,0,13,1
991,<p>aa</p>,2023-07-09,0,a,0,14,2
992,<p>aa</p>,2023-07-09,0,a,0,15,3
993,<p>aa</p>,2023-07-09,0,a,0,16,4
994,<p>aa</p>,2023-07-09,0,a,0,17,5
995,<p>aa</p>,2023-07-09,0,a,0,18,6
996,<p>aa</p>,2023-07-09,0,a,0,19,7
997,<p>aa</p>,2023-07-09,0,a,0,20,8
998,<p>aa</p>,2023-07-09,0,a,0,21,9
999,<p>aa</p>,2023-07-09,0,a,0,13,1
1000,<p>aa</p>,2023-07-09,0,a,0,14,2
1001,<p>aa</p>,2023-07-09,0,a,0,15,3
1002,<p>aa</p>,2023-07-09,0,a,0,16,4
1003,<p>aa</p>,2023-07-09,0,a,0,17,5
1004,<p>aa</p>,2023-07-09,0,a,0,18,6
1005,<p>aa</p>,2023-07-09,0,a,0,19,7
1006,<p>aa</p>,2023-07-09,0,a,0,20,8
1007,<p>aa</p>,2023-07-09,0,a,0,21,9
1008,<p>aa</p>,2023-07-09,0,a,0,13,1
1009,<p>aa</p>,2023-07-09,0,a,0,14,2
1010,<p>aa</p>,2023-07-09,0,a,0,15,3
1011,<p>aa</p>,2023-07-09,0,a,0,16,4
1012,<p>aa</p>,2023-07-09,0,a,0,17,5
1013,<p>aa</p>,2023-07-09,0,a,0,18,6
1014,<p>aa</p>,2023-07-09,0,a,0,19,7
1015,<p>aa</p>,2023-07-09,0,a,0,20,8
1016,<p>aa</p>,2023-07-09,0,a,0,21,9
1017,<p>aa</p>,2023-07-09,0,a,0,13,1
1018,<p>aa</p>,2023-07-09,0,a,0,14,2
1019,<p>aa</p>,2023-07-09,0,a,0,15,3
1020,<p>aa</p>,2023-07-09,0,a,0,16,4
1021,<p>aa</p>,2023-07-09,0,a,0,17,5
1022,<p>aa</p>,2023-07-09,0,a,0,18,6
1023,<p>aa</p>,2023-07-09,0,a,0,19,7
1024,<p>aa</p>,2023-07-09,0,a,0,20,8
1025,<p>aa</p>,2023-07-09,0,a,0,21,9
1026,<p>aa</p>,2023-07-09,0,a,0,13,1
1027,<p>aa</p>,2023-07-09,0,a,0,14,2
1028,<p>aa</p>,2023-07-09,0,a,0,15,3
1029,<p>aa</p>,2023-07-09,0,a,0,16,4
1030,<p>aa</p>,2023-07-09,0,a,0,17,5
1031,<p>aa</p>,2023-07-09,0,a,0,18,6
1032,<p>aa</p>,2023-07-09,0,a,0,19,7
1033,<p>aa</p>,2023-07-09,0,a,0,20,8
1034,<p>aa</p>,2023-07-09,0,a,0,21,9
1035,<p>aa</p>,2023-07-09,0,a,0,13,1
1036,<p>aa</p>,2023-07-09,0,a,0,14,2
1037,<p>aa</p>,2023-07-09,0,a,0,15,3
1038,<p>aa</p>,2023-07-09,0,a,0,16,4
1039,<p>aa</p>,2023-07-09,0,a,0,17,5
1040,<p>aa</p>,2023-07-09,0,a,0,18,6
1041,<p>aa</p>,2023-07-09,0,a,0,19,7
1042,<p>aa</p>,2023-07-09,0,a,0,20,8
1043,<p>aa</p>,2023-07-09,0,a,0,21,9
1044,<p>aa</p>,2023-07-09,0,a,0,13,1
1045,<p>aa</p>,2023-07-09,0,a,0,14,2
1046,<p>aa</p>,2023-07-09,0,a,0,15,3
1047,<p>aa</p>,2023-07-09,0,a,0,16,4
1048,<p>aa</p>,2023-07-09,0,a,0,17,5
1049,<p>aa</p>,2023-07-09,0,a,0,18,6
1050,<p>aa</p>,2023-07-09,0,a,0,19,7
1051,<p>aa</p>,2023-07-09,0,a,0,20,8
1052,<p>aa</p>,2023-07-09,0,a,0,21,9
1053,<p>aa</p>,2023-07-09,0,a,0,13,1
1054,<p>aa</p>,2023-07-09,0,a,0,14,2
1055,<p>aa</p>,2023-07-09,0,a,0,15,3
1056,<p>aa</p>,2023-07-09,0,a,0,16,4
1057,<p>aa</p>,2023-07-09,0,a,0,17,5
1058,<p>aa</p>,2023-07-09,0,a,0,18,6
1059,<p>aa</p>,2023-07-09,0,a,0,19,7
1060,<p>aa</p>,2023-07-09,0,a,0,20,8
1061,<p>aa</p>,2023-07-09,0,a,0,21,9
1062,<p>aa</p>,2023-07-09,0,a,0,13,1
1063,<p>aa</p>,2023-07-09,0,a,0,14,2
1064,<p>aa</p>,2023-07-09,0,a,0,15,3
1065,<p>aa</p>,2023-07-09,0,a,0,16,4
1066,<p>aa</p>,2023-07-09,0,a,0,17,5
1067,<p>aa</p>,2023-07-09,0,a,0,18,6
1068,<p>aa</p>,2023-07-09,0,a,0,19,7
1069,<p>aa</p>,2023-07-09,0,a,0,20,8
1070,<p>aa</p>,2023-07-09,0,a,0,21,9
1071,<p>aa</p>,2023-07-09,0,a,0,13,1
1072,<p>aa</p>,2023-07-09,0,a,0,14,2
1073,<p>aa</p>,2023-07-09,0,a,0,15,3
1074,<p>aa</p>,2023-07-09,0,a,0,16,4
1075,<p>aa</p>,2023-07-09,0,a,0,17,5
1076,<p>aa</p>,2023-07-09,0,a,0,18,6
1077,<p>aa</p>,2023-07-09,0,a,0,19,7
1078,<p>aa</p>,2023-07-09,0,a,0,20,8
1079,<p>aa</p>,2023-07-09,0,a,0,21,9
1080,<p>aa</p>,2023-07-09,0,a,0,13,1
1081,<p>aa</p>,2023-07-09,0,a,0,14,2
1082,<p>aa</p>,2023-07-09,0,a,0,15,3
1083,<p>aa</p>,2023-07-09,0,a,0,16,4
1084,<p>aa</p>,2023-07-09,0,a,0,17,5
1085,<p>aa</p>,2023-07-09,0,a,0,18,6
1086,<p>aa</p>,2023-07-09,0,a,0,19,7
1087,<p>aa</p>,2023-07-09,0,a,0,20,8
1088,<p>aa</p>,2023-07-09,0,a,0,21,9
1089,<p>aa</p>,2023-07-09,0,a,0,13,1
1090,<p>aa</p>,2023-07-09,0,a,0,14,2
1091,<p>aa</p>,2023-07-09,0,a,0,15,3
1092,<p>aa</p>,2023-07-09,0,a,0,16,4
1093,<p>aa</p>,2023-07-09,0,a,0,17,5
1094,<p>aa</p>,2023-07-09,0,a,0,18,6
1095,<p>aa</p>,2023-07-09,0,a,0,19,7
1096,<p>aa</p>,2023-07-09,0,a,0,20,8
1097,<p>aa</p>,2023-07-09,0,a,0,21,9
1098,<p>aa</p>,2023-07-09,0,a,0,13,1
1099,<p>aa</p>,2023-07-09,0,a,0,14,2
1100,<p>aa</p>,2023-07-09,0,a,0,15,3
1101,<p>aa</p>,2023-07-09,0,a,0,16,4
1102,<p>aa</p>,2023-07-09,0,a,0,17,5
1103,<p>aa</p>,2023-07-09,0,a,0,18,6
1104,<p>aa</p>,2023-07-09,0,a,0,19,7
1105,<p>aa</p>,2023-07-09,0,a,0,20,8
1106,<p>aa</p>,2023-07-09,0,a,0,21,9
1107,<p>aa</p>,2023-07-09,0,a,0,13,1
1108,<p>aa</p>,2023-07-09,0,a,0,14,2
1109,<p>aa</p>,2023-07-09,0,a,0,15,3
1110,<p>aa</p>,2023-07-09,0,a,0,16,4
1111,<p>aa</p>,2023-07-09,0,a,0,17,5
1112,<p>aa</p>,2023-07-09,0,a,0,18,6
1113,<p>aa</p>,2023-07-09,0,a,0,19,7
1114,<p>aa</p>,2023-07-09,0,a,0,20,8
1115,<p>aa</p>,2023-07-09,0,a,0,21,9